trial,timestamp_utc,kind,size,latency_ms
1,2026-09-26T07:42:07Z,pdp,100,2.631799958180636
2,2026-09-26T07:42:07Z,pdp,100,0.3494999837130308
3,2026-09-26T07:42:07Z,pdp,100,0.2809999859891832
4,2026-09-26T07:42:07Z,pdp,100,0.2258999738842249
5,2026-09-26T07:42:07Z,pdp,100,0.21119997836649418
6,2026-09-26T07:42:07Z,pdp,100,0.24259998463094234
7,2026-09-26T07:42:07Z,pdp,100,0.21500000730156898
8,2026-09-26T07:42:07Z,pdp,100,0.23169995984062552
9,2026-09-26T07:42:07Z,pdp,100,0.19039999460801482
10,2026-09-26T07:42:07Z,pdp,100,0.24800002574920654
11,2026-09-26T07:42:07Z,pdp,100,0.20139996195212007
12,2026-09-26T07:42:07Z,pdp,100,0.19899994367733598
13,2026-09-26T07:42:07Z,pdp,100,0.1870999694801867
14,2026-09-26T07:42:07Z,pdp,100,0.24120003217831254
15,2026-09-26T07:42:07Z,pdp,100,0.20030001178383827
16,2026-09-26T07:42:07Z,pdp,100,0.19880000036209822
17,2026-09-26T07:42:07Z,pdp,100,0.1996000064536929
18,2026-09-26T07:42:07Z,pdp,100,0.1900999923236668
19,2026-09-26T07:42:07Z,pdp,100,0.25779998395591974
20,2026-09-26T07:42:07Z,pdp,100,0.18400000408291817
21,2026-09-26T07:42:07Z,pdp,100,0.19990000873804092
22,2026-09-26T07:42:07Z,pdp,100,0.18809997709468007
23,2026-09-26T07:42:07Z,pdp,100,0.2614999539218843
24,2026-09-26T07:42:07Z,pdp,100,0.4255000385455787
25,2026-09-26T07:42:07Z,pdp,100,0.6224000244401395
26,2026-09-26T07:42:07Z,pdp,100,0.22749998606741428
27,2026-09-26T07:42:07Z,pdp,100,0.2476000227034092
28,2026-09-26T07:42:07Z,pdp,100,0.20940002286806703
29,2026-09-26T07:42:07Z,pdp,100,0.24780002422630787
30,2026-09-26T07:42:07Z,pdp,100,0.20670000230893493
31,2026-09-26T07:42:07Z,pdp,100,0.3266000421717763
32,2026-09-26T07:42:07Z,pdp,100,0.18199998885393143
33,2026-09-26T07:42:07Z,pdp,100,0.16060000052675605
34,2026-09-26T07:42:07Z,pdp,100,0.2731000422500074
35,2026-09-26T07:42:07Z,pdp,100,0.4668000037781894
36,2026-09-26T07:42:07Z,pdp,100,0.3100000321865082
37,2026-09-26T07:42:07Z,pdp,100,0.26980001712217927
38,2026-09-26T07:42:07Z,pdp,100,0.2598999999463558
39,2026-09-26T07:42:07Z,pdp,100,0.21600001491606236
40,2026-09-26T07:42:07Z,pdp,100,0.2552000223658979
41,2026-09-26T07:42:07Z,pdp,100,0.23020000662654638
42,2026-09-26T07:42:07Z,pdp,100,0.1963000395335257
43,2026-09-26T07:42:07Z,pdp,100,0.1851999550126493
44,2026-09-26T07:42:07Z,pdp,100,0.1857000170275569
45,2026-09-26T07:42:07Z,pdp,100,0.19340001745149493
46,2026-09-26T07:42:07Z,pdp,100,0.25859999004751444
47,2026-09-26T07:42:07Z,pdp,100,0.23600005079060793
48,2026-09-26T07:42:07Z,pdp,100,0.2166999620385468
49,2026-09-26T07:42:07Z,pdp,100,0.2503999858163297
50,2026-09-26T07:42:07Z,pdp,100,0.29550003819167614
51,2026-09-26T07:42:07Z,pdp,100,0.24459999985992908
52,2026-09-26T07:42:07Z,pdp,100,0.2514999941922724
53,2026-09-26T07:42:07Z,pdp,100,0.24510000366717577
54,2026-09-26T07:42:07Z,pdp,100,0.3274999908171594
55,2026-09-26T07:42:07Z,pdp,100,0.20680000307038426
56,2026-09-26T07:42:07Z,pdp,100,0.25480001932010055
57,2026-09-26T07:42:07Z,pdp,100,0.2753000007942319
58,2026-09-26T07:42:07Z,pdp,100,0.22330001229420304
59,2026-09-26T07:42:07Z,pdp,100,0.22580003133043647
60,2026-09-26T07:42:07Z,pdp,100,0.2595999976620078
61,2026-09-26T07:42:07Z,pdp,100,0.21849997574463487
62,2026-09-26T07:42:07Z,pdp,100,0.2072000061161816
63,2026-09-26T07:42:07Z,pdp,100,0.3877999843098223
64,2026-09-26T07:42:07Z,pdp,100,0.21999998716637492
65,2026-09-26T07:42:07Z,pdp,100,0.20559999393299222
66,2026-09-26T07:42:07Z,pdp,100,0.2508999896235764
67,2026-09-26T07:42:07Z,pdp,100,0.25640003150328994
68,2026-09-26T07:42:07Z,pdp,100,0.20399998174980283
69,2026-09-26T07:42:07Z,pdp,100,0.21239998750388622
70,2026-09-26T07:42:07Z,pdp,100,0.3342999843880534
71,2026-09-26T07:42:07Z,pdp,100,0.2432999899610877
72,2026-09-26T07:42:07Z,pdp,100,0.23359997430816293
73,2026-09-26T07:42:07Z,pdp,100,0.23629999486729503
74,2026-09-26T07:42:07Z,pdp,100,0.23529998725280166
75,2026-09-26T07:42:07Z,pdp,100,0.21269998978823423
76,2026-09-26T07:42:07Z,pdp,100,0.1998000079765916
77,2026-09-26T07:42:07Z,pdp,100,0.15000003622844815
78,2026-09-26T07:42:07Z,pdp,100,0.26050000451505184
79,2026-09-26T07:42:07Z,pdp,100,0.2183000324293971
80,2026-09-26T07:42:07Z,pdp,100,0.1745999907143414
81,2026-09-26T07:42:07Z,pdp,100,0.4007000243291259
82,2026-09-26T07:42:07Z,pdp,100,0.1998000079765916
83,2026-09-26T07:42:07Z,pdp,100,0.21819997346028686
84,2026-09-26T07:42:07Z,pdp,100,0.1742999884299934
85,2026-09-26T07:42:07Z,pdp,100,0.1998000079765916
86,2026-09-26T07:42:07Z,pdp,100,0.3163999645039439
87,2026-09-26T07:42:07Z,pdp,100,0.30129996594041586
88,2026-09-26T07:42:07Z,pdp,100,0.20710000535473228
89,2026-09-26T07:42:07Z,pdp,100,0.15009997878223658
90,2026-09-26T07:42:07Z,pdp,100,0.16280001727864146
91,2026-09-26T07:42:07Z,pdp,100,0.1680999994277954
92,2026-09-26T07:42:07Z,pdp,100,0.1689000055193901
93,2026-09-26T07:42:07Z,pdp,100,0.32379996264353395
94,2026-09-26T07:42:07Z,pdp,100,0.19950000569224358
95,2026-09-26T07:42:07Z,pdp,100,0.46199996722862124
96,2026-09-26T07:42:07Z,pdp,100,0.298099999781698
97,2026-09-26T07:42:07Z,pdp,100,0.2707999665290117
98,2026-09-26T07:42:07Z,pdp,100,0.26110000908374786
99,2026-09-26T07:42:07Z,pdp,100,2.7042999863624573
100,2026-09-26T07:42:07Z,pdp,100,0.6416999967768788
